batch_id,material_supplier,material_moisture_pct,material_particle_size_um,received_date
B01,SUP-B,3.418,89.13,2025-02-22
B02,SUP-B,3.078,52.38,2025-02-22
B03,SUP-B,2.916,65.45,2025-02-28
B04,SUP-B,3.181,57.05,2025-02-24
B05,SUP-B,3.016,55.3,2025-03-01
B06,SUP-A,2.796,66.2,2025-02-22
B07,SUP-C,3.602,60.33,2025-02-28
B08,SUP-A,3.535,62.07,2025-02-22
B09,SUP-A,2.961,62.54,2025-02-28
B10,SUP-B,3.89,68.76,2025-02-22
B11,SUP-C,3.432,55.75,2025-02-24
B12,SUP-A,3.287,49.17,2025-02-28
B13,SUP-A,3.133,42.24,2025-02-22
B14,SUP-A,2.559,65.9,2025-02-26
B15,SUP-A,2.703,70.2,2025-02-27
B16,SUP-C,2.935,78.87,2025-03-01
B17,SUP-A,3.061,80.92,2025-02-26
B18,SUP-C,3.244,60.24,2025-02-25
B19,SUP-A,3.195,53.76,2025-02-24
B20,SUP-B,3.389,65.8,2025-02-21
B21,SUP-A,3.021,70.54,2025-02-25
B22,SUP-C,3.959,59.55,2025-02-25
B23,SUP-A,3.051,66.8,2025-02-25
B24,SUP-B,3.565,74.68,2025-02-27
B25,SUP-B,3.315,71.69,2025-02-28
B26,SUP-C,3.478,64.65,2025-02-22
B27,SUP-A,2.885,75.59,2025-02-23
B28,SUP-C,3.795,47.36,2025-03-01
B29,SUP-C,4.016,56.45,2025-03-01
B30,SUP-A,3.394,64.63,2025-02-23
B31,SUP-A,2.601,54.85,2025-03-01
B32,SUP-A,3.307,69.64,2025-02-26
B33,SUP-A,3.129,62.93,2025-02-27
B34,SUP-C,3.485,70.13,2025-02-25
B35,SUP-A,3.078,69.8,2025-02-28
B36,SUP-B,3.552,52.02,2025-03-01
