run_id,batch_id,start_time,machine_id,shift,operator_id,furnace_temp_c,pressure_mpa,line_speed_mpm,cooling_rate_cps,ambient_humidity_pct
R001,B01,2025-03-03 06:43:00,M2,A,OP06,1517.57,2.754,18.21,9.6,36.1
R002,B01,2025-03-03 10:19:00,M2,A,OP11,1508.13,2.691,28.38,9.62,43.1
R003,B01,2025-03-03 15:09:00,M3,B,OP06,1492.97,3.459,23.86,6.9,22.0
R004,B01,2025-03-03 18:49:00,M1,B,OP07,1508.09,3.251,18.95,7.88,38.9
R005,B02,2025-03-03 23:23:00,M3,C,OP02,1511.2,3.144,22.01,8.86,56.3
R006,B02,2025-03-04 03:24:00,M4,C,OP11,1500.92,2.8,15.49,8.35,50.7
R007,B02,2025-03-04 07:04:00,M3,A,OP03,9999.0,3.265,18.94,7.06,33.7
R008,B02,2025-03-04 10:45:00,M2,A,OP07,1490.89,3.275,10.65,5.73,56.4
R009,B03,2025-03-04 15:18:00,M1,B,OP02,1496.99,3.265,14.27,5.87,61.7
R010,B03,2025-03-04 18:29:00,M3,B,OP06,1504.5,2.808,19.67,6.94,38.8
R011,B03,2025-03-04 22:02:00,M3,C,OP11,1496.33,2.983,22.74,8.15,22.0
R012,B03,2025-03-05 02:23:00,M3,C,OP08,1507.12,2.753,27.58,6.35,47.7
R013,B04,2025-03-05 07:28:00,M1,A,OP07,1508.71,2.836,23.46,8.03,61.5
R014,B04,2025-03-05 10:23:00,M1,A,OP05,1497.1,3.046,18.87,8.28,71.5
R015,B04,2025-03-05 15:06:00,M1,B,OP12,1504.32,3.365,28.3,5.83,38.2
R016,B04,2025-03-05 18:20:00,M4,B,OP01,1510.79,3.158,9.93,7.45,45.0
R017,B05,2025-03-05 22:57:00,M1,C,OP08,1500.64,3.227,21.79,10.35,46.3
R018,B05,2025-03-06 02:48:00,M2,C,OP03,1517.79,2.897,18.21,7.52,67.2
R019,B05,2025-03-06 07:20:00,M1,A,OP12,1504.3,2.889,22.06,8.08,62.4
R020,B05,2025-03-06 10:01:00,M4,A,OP04,1516.84,2.798,16.65,5.46,45.4
R021,B06,2025-03-06 15:22:00,,B,OP01,1513.63,2.998,22.86,6.31,62.6
R022,B06,2025-03-06 18:13:00,M4,B,OP10,1510.96,2.927,21.21,7.76,37.3
R023,B06,2025-03-06 22:28:00,M1,C,OP05,9999.0,3.205,23.59,10.38,55.0
R024,B06,2025-03-07 02:53:00,M3,C,OP09,1503.7,2.896,19.16,9.33,56.8
R025,B07,2025-03-07 06:53:00,M1,A,OP09,1503.97,3.399,25.07,7.31,45.8
R026,B07,2025-03-07 10:53:00,M3,A,OP12,1494.31,3.235,22.83,8.69,54.9
R027,B07,2025-03-07 14:25:00,M3,B,OP05,1518.35,2.965,17.07,6.76,50.5
R028,B07,2025-03-07 18:39:00,M4,B,OP08,1505.17,3.482,23.98,6.52,47.4
R029,B08,2025-03-07 22:27:00,M4,C,OP02,1498.54,3.188,17.49,8.68,54.3
R030,B08,2025-03-08 03:21:00,,C,OP10,1502.36,2.821,17.32,5.76,47.7
R031,B08,2025-03-08 06:59:00,M1,A,OP11,1510.72,3.341,18.55,8.66,37.3
R032,B08,2025-03-08 11:23:00,M2,A,OP04,1520.13,3.063,21.37,9.15,47.7
R033,B09,2025-03-08 14:11:00,M3,B,OP06,1492.41,2.829,15.86,5.68,60.2
R034,B09,2025-03-08 18:01:00,M3,B,OP01,1519.49,3.352,18.13,7.95,44.2
R035,B09,2025-03-08 22:35:00,M3,C,OP07,1506.5,3.078,19.29,8.14,72.0
R036,B09,2025-03-09 02:14:00,M1,C,OP02,1520.27,2.496,21.19,8.07,54.6
R037,B10,2025-03-09 06:32:00,M4,A,OP08,1500.81,2.719,25.7,6.02,57.0
R038,B10,2025-03-09 10:39:00,M2,A,OP07,1510.21,2.89,10.22,7.05,26.8
R039,B10,2025-03-09 15:04:00,M2,B,OP12,1510.69,2.269,24.87,9.12,32.4
R040,B10,2025-03-09 19:23:00,M3,B,OP12,1506.09,3.235,18.87,6.83,31.0
R041,B11,2025-03-09 23:24:00,M4,C,OP05,9999.0,3.277,15.49,9.11,37.6
R042,B11,2025-03-10 02:48:00,M3,C,OP02,1503.61,3.264,15.01,8.56,50.7
R043,B11,2025-03-10 06:17:00,M4,A,OP05,1493.6,2.935,20.29,8.62,30.0
R044,B11,2025-03-10 10:04:00,M3,A,OP10,1503.24,2.947,26.32,10.41,49.1
R045,B12,2025-03-10 15:26:00,M1,B,OP11,1506.5,2.946,21.03,8.16,61.4
R046,B12,2025-03-10 18:15:00,M2,B,OP05,1511.04,2.46,19.45,8.04,47.0
R047,B12,2025-03-10 22:05:00,M1,C,OP05,1517.47,3.016,27.83,9.13,25.4
R048,B12,2025-03-11 03:06:00,M1,C,OP09,1490.44,2.943,17.35,6.15,67.8
R049,B13,2025-03-11 06:42:00,M1,A,OP06,1501.83,2.694,19.2,5.09,39.6
R050,B13,2025-03-11 10:06:00,M3,A,OP07,1529.9,2.615,23.44,11.16,48.7
R051,B13,2025-03-11 14:26:00,M2,B,OP01,1503.63,3.148,19.1,7.18,52.3
R052,B13,2025-03-11 18:08:00,M1,B,OP12,1497.73,2.881,22.93,8.32,55.7
R053,B14,2025-03-11 23:05:00,M3,C,OP04,1501.33,3.061,17.5,7.8,41.2
R054,B14,2025-03-12 03:26:00,M3,C,OP12,1508.26,2.591,18.63,7.05,53.3
R055,B14,2025-03-12 06:36:00,M3,A,OP01,1520.0,2.886,23.73,6.24,44.8
R056,B14,2025-03-12 10:44:00,M3,A,OP04,1502.08,3.017,25.94,7.41,58.9
R057,B15,2025-03-12 14:44:00,M3,B,OP09,1500.85,2.977,22.31,8.19,41.7
R058,B15,2025-03-12 19:29:00,M2,B,OP06,1497.1,2.612,18.22,9.66,57.7
R059,B15,2025-03-12 22:36:00,M1,C,OP12,1495.4,2.781,25.21,7.25,51.7
R060,B15,2025-03-13 02:52:00,M2,C,OP08,1512.09,3.218,22.42,8.19,22.0
R061,B16,2025-03-13 07:02:00,M3,A,OP11,1522.34,2.472,16.92,6.99,54.2
R062,B16,2025-03-13 10:16:00,M2,A,OP07,1501.16,3.065,15.7,7.66,43.7
R063,B16,2025-03-13 14:50:00,M3,B,OP07,1511.36,3.28,24.93,8.03,42.1
R064,B16,2025-03-13 18:51:00,M2,B,OP09,1498.84,2.899,22.32,8.15,38.5
R065,B17,2025-03-13 22:23:00,M4,C,OP07,1502.15,2.986,16.54,8.16,63.1
R066,B17,2025-03-14 02:37:00,M1,C,OP07,1497.38,3.028,16.93,5.45,47.9
R067,B17,2025-03-14 07:02:00,M4,A,OP02,1503.7,2.986,21.33,9.15,55.9
R068,B17,2025-03-14 11:13:00,M4,A,OP01,1504.14,3.081,20.58,6.41,40.5
R069,B18,2025-03-14 15:15:00,M3,B,OP06,1500.39,3.055,17.89,8.58,55.4
R070,B18,2025-03-14 18:44:00,M1,B,OP04,1511.66,3.127,21.5,7.38,46.2
R071,B18,2025-03-14 22:08:00,M3,C,OP04,1513.57,3.242,23.75,8.15,66.0
R072,B18,2025-03-15 02:02:00,M4,C,OP08,1497.56,3.019,18.93,7.64,51.5
R073,B19,2025-03-15 06:41:00,M4,A,OP01,1504.23,2.423,7.92,7.65,32.5
R074,B19,2025-03-15 10:19:00,M3,A,OP02,1482.04,2.972,23.46,7.82,39.9
R075,B19,2025-03-15 15:02:00,M3,B,OP12,1485.63,3.062,20.66,6.24,22.0
R076,B19,2025-03-15 18:51:00,M3,B,OP12,1504.74,3.26,26.5,7.62,49.3
R077,B20,2025-03-15 22:18:00,M4,C,OP01,1493.39,2.863,18.91,9.4,49.4
R078,B20,2025-03-16 02:00:00,M4,C,OP10,1506.63,2.939,26.94,5.41,43.5
R079,B20,2025-03-16 07:27:00,M4,A,OP05,1498.11,3.34,26.16,6.29,55.1
R080,B20,2025-03-16 10:46:00,M2,A,OP02,1490.87,3.509,23.43,8.5,34.1
R081,B21,2025-03-16 14:47:00,M4,B,OP04,1509.75,3.604,21.64,6.84,41.2
R082,B21,2025-03-16 18:09:00,M3,B,OP08,1530.65,3.19,15.11,8.6,58.5
R083,B21,2025-03-16 22:44:00,M2,C,OP10,1492.62,2.966,15.63,9.34,48.7
R084,B21,2025-03-17 02:49:00,M4,C,OP08,1516.35,3.154,32.49,8.74,44.8
R085,B22,2025-03-17 06:29:00,M2,A,OP06,1503.93,3.011,18.67,9.38,42.6
R086,B22,2025-03-17 10:42:00,M1,A,OP04,1502.38,3.008,14.57,7.85,41.6
R087,B22,2025-03-17 15:11:00,M4,B,OP02,1506.14,3.243,16.42,5.4,59.3
R088,B22,2025-03-17 18:49:00,M2,B,OP03,1507.19,2.814,17.21,8.14,29.6
R089,B23,2025-03-17 22:02:00,M1,C,OP12,1499.37,3.533,19.57,6.82,40.7
R090,B23,2025-03-18 02:05:00,M2,C,OP11,1524.0,3.157,15.5,7.71,65.8
R091,B23,2025-03-18 07:00:00,M3,A,OP09,1495.1,3.273,19.83,9.84,46.1
R092,B23,2025-03-18 10:32:00,M2,A,OP02,1509.49,3.316,18.97,7.94,44.7
R093,B24,2025-03-18 14:49:00,M1,B,OP08,1499.76,2.713,14.79,6.89,36.2
R094,B24,2025-03-18 18:11:00,M2,B,OP11,1493.78,2.773,17.89,9.02,24.8
R095,B24,2025-03-18 23:01:00,M3,C,OP04,1509.43,2.826,14.11,7.02,56.5
R096,B24,2025-03-19 03:20:00,M3,C,OP09,1504.06,2.994,15.29,8.85,49.8
R097,B25,2025-03-19 06:18:00,M1,A,OP03,1501.65,2.941,18.02,7.36,40.8
R098,B25,2025-03-19 10:47:00,M2,A,OP05,1509.49,2.98,22.66,9.63,32.2
R099,B25,2025-03-19 14:56:00,M1,B,OP03,1494.94,3.033,28.59,8.62,52.9
R100,B25,2025-03-19 18:22:00,M3,B,OP04,1510.18,3.219,26.19,6.54,52.4
R101,B26,2025-03-19 23:22:00,M3,C,OP10,1505.42,2.82,26.49,5.48,45.4
R102,B26,2025-03-20 02:25:00,M4,C,OP09,1504.04,3.227,21.02,6.64,47.4
R103,B26,2025-03-20 06:21:00,M1,A,OP10,1514.94,3.046,23.81,9.35,32.9
R104,B26,2025-03-20 10:17:00,M3,A,OP12,1507.94,3.024,19.94,11.5,48.4
R105,B27,2025-03-20 14:19:00,M4,B,OP01,1491.44,2.697,18.27,6.32,54.2
R106,B27,2025-03-20 19:09:00,M4,B,OP10,1498.62,2.87,12.4,9.71,66.4
R107,B27,2025-03-20 23:29:00,M1,C,OP08,1491.62,2.979,18.49,8.13,44.7
R108,B27,2025-03-21 02:09:00,M1,C,OP02,1509.53,3.413,18.79,5.7,62.4
R109,B28,2025-03-21 06:26:00,M1,A,OP05,1518.79,3.694,24.14,8.39,48.6
R110,B28,2025-03-21 10:16:00,M1,A,OP12,1510.47,2.719,20.81,8.28,64.2
R111,B28,2025-03-21 15:16:00,M4,B,OP11,1512.26,2.661,19.69,8.34,40.9
R112,B28,2025-03-21 19:16:00,M1,B,OP03,1509.43,2.672,23.95,7.2,49.2
R113,B29,2025-03-21 22:42:00,M1,C,OP07,1504.52,3.274,23.49,7.29,64.8
R114,B29,2025-03-22 03:15:00,M1,C,OP03,1507.74,3.371,17.16,6.55,41.7
R115,B29,2025-03-22 06:53:00,M4,A,OP11,1512.34,3.017,23.14,8.43,48.7
R116,B29,2025-03-22 10:35:00,M2,A,OP12,1505.39,2.724,27.42,9.01,39.5
R117,B30,2025-03-22 15:22:00,M1,B,OP02,1501.91,2.918,14.36,9.35,66.1
R118,B30,2025-03-22 19:27:00,M4,B,OP12,1491.79,2.602,18.31,9.75,37.3
R119,B30,2025-03-22 22:43:00,M1,C,OP01,1498.11,2.981,27.39,9.15,57.4
R120,B30,2025-03-23 02:13:00,M4,C,OP02,1508.57,2.496,23.31,12.24,46.3
R121,B31,2025-03-23 06:56:00,M1,A,OP07,1507.62,3.148,28.4,7.8,56.5
R122,B31,2025-03-23 10:20:00,M3,A,OP10,1516.92,3.317,25.74,6.5,51.4
R123,B31,2025-03-23 15:11:00,M3,B,OP07,1511.27,2.568,19.26,7.87,35.9
R124,B31,2025-03-23 18:59:00,M1,B,OP06,1506.64,2.915,26.19,7.09,32.3
R125,B32,2025-03-23 23:22:00,M3,C,OP03,1484.63,2.756,20.95,7.96,39.1
R126,B32,2025-03-24 03:07:00,M4,C,OP05,1503.01,3.02,20.92,7.37,38.4
R127,B32,2025-03-24 07:05:00,M2,A,OP05,1506.59,3.446,18.76,6.76,31.2
R128,B32,2025-03-24 10:27:00,M2,A,OP09,1525.1,3.031,20.14,7.24,31.3
R129,B33,2025-03-24 14:49:00,M3,B,OP03,1508.78,3.009,23.92,6.74,48.4
R130,B33,2025-03-24 18:05:00,M1,B,OP08,1510.77,2.733,21.64,6.26,49.6
R131,B33,2025-03-24 22:26:00,M4,C,OP08,1502.24,3.133,16.65,6.75,31.6
R132,B33,2025-03-25 02:15:00,M2,C,OP03,1496.49,2.874,12.56,6.84,48.6
R133,B34,2025-03-25 06:32:00,M4,A,OP10,1508.92,2.404,17.68,9.81,54.2
R134,B34,2025-03-25 11:14:00,,A,OP08,1494.15,2.887,22.08,7.71,60.7
R135,B34,2025-03-25 14:54:00,M4,B,OP02,1506.03,3.018,28.66,9.56,62.1
R136,B34,2025-03-25 18:02:00,M2,B,OP03,1513.77,2.947,23.54,5.65,49.2
R137,B35,2025-03-25 22:38:00,M3,C,OP09,1514.95,2.996,23.65,8.46,61.5
R138,B35,2025-03-26 02:05:00,M1,C,OP04,1509.03,2.752,23.78,8.1,76.5
R139,B35,2025-03-26 06:18:00,M4,A,OP04,1504.71,2.815,15.44,8.42,38.5
R140,B35,2025-03-26 10:39:00,M4,A,OP03,1500.95,3.221,22.21,7.75,24.3
R141,B36,2025-03-26 14:06:00,M4,B,OP09,1510.61,2.664,18.19,7.67,45.7
R142,B36,2025-03-26 18:46:00,M1,B,OP10,1502.68,3.411,20.66,8.01,41.1
R143,B36,2025-03-26 23:10:00,M2,C,OP07,1487.16,3.173,21.44,6.54,35.2
R144,B36,2025-03-27 03:24:00,M2,C,OP01,1501.56,2.908,16.36,6.02,52.9
